country_code,ndc_version,blue_carbon_included,unconditional_ecosystems,conditional_ecosystems,unconditional_target_desc,conditional_target_desc,intervention_type,target_type,targets,domestic_pricing,market_status
IDN,2nd NDC (submitted 24 Oct 2025),True,"[""Mangroves"", ""Seagrass"", ""Salt marshes""]","[""Mangroves"", ""Seagrass"", ""Salt marshes""]","Absolute target: 1.49 GtCO₂e by 2030 (peak), declining to 1.49 GtCO₂e by 2035 (baseline 2019).",1.35 GtCO₂e by 2030 / 1.26 GtCO₂e by 2035 with international support; 8–17.5% lower than previous Enhanced NDC.,Conservation + Restoration,Both,31.89% unconditional / 43.20% conditional vs 2010 BAU; economy-wide absolute target 2019-baseline (SNDC).,ETS & Carbon Tax (PR 110/2025 NEK),Operational
BRA,NDC 3.0 (2025),True,"[""Mangroves"", ""Corals""]","[""Mangroves"", ""Corals""]",59%–67% reduction from 2005 levels by 2035; ProManguezal coastal focus.,,Conservation + Restoration,Unconditional,59%–67% reduction from 2005 by 2035; ProManguezal focus.,ETS (in development),Under Development
KEN,NDC 3.0 (2025),True,"[""Mangroves"", ""Seagrass""]","[""Mangroves"", ""Seagrass""]",20% reduction from 2022 BAU (unconditional).,Up to 35% reduction from 2022 BAU with international support.,Conservation + Restoration,Both,35% reduction from 2022 BAU (20% unconditional).,Carbon Market Regulations,Operational
VNM,Updated NDC (2022),True,"[""Mangroves"", ""Seagrass""]","[""Mangroves"", ""Seagrass""]",15.8% reduction from BAU using domestic resources.,43.5% reduction from BAU with international support.,Conservation + Restoration,Both,15.8% unconditional / 43.5% conditional from BAU.,ETS (planned),Pilot / Planned
AUS,Updated NDC (2022),True,"[""Mangroves"", ""Saltmarsh"", ""Seagrass""]","[""Mangroves"", ""Saltmarsh"", ""Seagrass""]",43% reduction below 2005 levels by 2030.,,Mitigation,Unconditional,43% reduction below 2005 by 2030.,Safeguard Mechanism (ETS),Operational
USA,Updated NDC (2021),True,"[""Mangroves"", ""Tidal marshes""]","[""Mangroves"", ""Tidal marshes""]",50–52% reduction from 2005 levels by 2030.,,Conservation + Restoration,Unconditional,50–52% reduction from 2005 by 2030.,Regional ETS (RGGI / WCI),Operational (Subnational)
CHN,Updated NDC (2021),True,"[""Mangroves"", ""Seagrass""]","[""Mangroves"", ""Seagrass""]",Technical specs issued for mangrove/seagrass carbon survey; expanded national ETS scope.,,Mitigation,Unconditional,National ETS expanded 2025; mangrove/seagrass MRV technical specs issued.,National ETS,Operational (Expanded 2025)
SYC,Updated NDC (2021),True,"[""Seagrass"", ""Mangroves""]","[""Seagrass"", ""Mangroves""]",100% protection of seagrass and mangroves by 2030.,,Conservation,Unconditional,100% protection of seagrass and mangroves by 2030.,None,No current market
GBR,NDC 3.0 (2025),True,"[""Saltmarshes""]","[""Saltmarshes""]",81% reduction from 1990 levels by 2035.,,Conservation + Restoration,Unconditional,81% reduction from 1990 by 2035.,UK ETS,Operational
CRI,NDC 2025–2035 (2025),True,"[""Mangroves"", ""Peatlands""]","[""Mangroves"", ""Peatlands""]",Explicit peatland mitigation activities; coastal wetland protection.,,Conservation + Restoration,Unconditional,Explicit peatland mitigation; coastal protection.,Carbon Tax,Operational
KOR,2035 NDC (2025),True,"[""Coastal wetlands""]","[""Coastal wetlands""]",Absolute emission reduction targets; includes blue carbon sink expansion.,,Mitigation,Unconditional,2035 absolute reduction; blue carbon sink expansion.,National ETS (K-ETS),Operational
FJI,Updated NDC (2020),True,"[""Mangroves"", ""Seagrass""]","[""Mangroves"", ""Seagrass""]",Focus on blue finance and NAPs; net-zero by 2050.,Conditional on international support.,Conservation,Conditional,Net-zero by 2050; blue finance and NAPs.,None,No current market
BHS,Updated NDC (2022),True,"[""Mangroves"", ""Seagrass""]","[""Mangroves"", ""Seagrass""]",5.6M tCO₂e sink potential quantified for Andros Island.,,Conservation,Unconditional,5.6M tCO₂e sink potential quantified (Andros).,Carbon Credit Act,Operational (Credits)
MEX,NDC 3.0 (2025),True,"[""Mangroves""]","[""Mangroves""]",Part of 35% reduction target; mentions blue carbon explicitly.,Conditional component dependent on finance.,Conservation + Restoration,Both,35% reduction target; blue carbon explicit.,ETS (Pilot),Operational / Pilot
COL,NDC 3.0 (2025),True,"[""Mangroves"", ""Peatlands""]","[""Mangroves"", ""Peatlands""]",Blue carbon as mitigation and adaptation strategy.,Conditional element dependent on finance.,Conservation + Restoration,Both,Blue carbon as mitigation + adaptation strategy.,Carbon Tax,Operational
PAN,NDC 3.0 (2025),True,"[""Mangroves"", ""Peatlands""]","[""Mangroves"", ""Peatlands""]",Intent to include peatland mitigation in latest update.,,Conservation,Both,Peatland mitigation inclusion proposed.,SMM (ETS planned),Under development
PHL,Updated NDC (2021),True,"[""Mangroves""]","[""Mangroves""]",Minor unconditional component.,75% emission reduction (mostly conditional).,Conservation,Conditional,75% reduction (mostly conditional).,ETS (planned),Under development
CHL,Updated NDC (2020),True,"[""Coastal wetlands""]","[""Coastal wetlands""]",Protection of at least 20 coastal wetlands by 2025.,,Conservation,Unconditional,Protection of ≥20 coastal wetlands by 2025.,Carbon Tax,Operational
BGD,Updated NDC (2021),True,"[""Mangroves (Sundarbans)""]","[""Mangroves (Sundarbans)""]",5% reduction from BAU using domestic resources.,21.85% reduction from BAU with international support.,Conservation,Both,5% unconditional / 21.85% conditional from BAU.,None,No current market
VUT,Updated NDC (2021),True,"[""Mangroves"", ""Seagrass""]","[""Mangroves"", ""Seagrass""]",100% renewable energy target.,Conditional on international finance.,Conservation,Both,100% RE target; blue carbon for resilience.,None,No current market
BLZ,Updated NDC (2021),True,"[""Mangroves"", ""Seagrass""]","[""Mangroves"", ""Seagrass""]",Protection of 12K hectares of mangroves by 2030.,,Conservation,Unconditional,12K ha mangrove protection by 2030.,Carbon Market Regulations,Operational (Credits)
ZAF,Updated NDC (2021),True,"[""Coastal wetlands""]","[""Coastal wetlands""]",Operation Phakisa: ocean-based targets.,Conditional support component.,Conservation,Both,Operation Phakisa ocean-based targets.,Carbon Tax,Operational
THA,Updated NDC (2022),True,"[""Mangroves""]","[""Mangroves""]",30% reduction from BAU using domestic resources.,40% reduction from BAU with international support.,Conservation + Restoration,Both,30–40% from BAU; carbon-pricing strategy.,Carbon Tax (planned),Planned
CPV,Updated NDC (2021),True,"[""Coastal ecosystems""]","[""Coastal ecosystems""]",Significant focus on NbS for SIDS resilience.,Conditional support component.,Conservation,Both,NbS focus for SIDS resilience.,None,No current market
DOM,Updated NDC (2020),True,"[""Mangroves""]","[""Mangroves""]",27% reduction (unconditional + conditional).,,Conservation,Both,27% reduction (combined).,None,No current market
GAB,NDC 3.0 (2025),True,"[""Mangroves""]","[""Mangroves""]",Requested legislation to protect mangroves.,,Conservation,Unconditional,Requested mangrove protection legislation.,None,No current market
NAM,Updated NDC (2021),True,"[""Intertidal biodiversity""]","[""Intertidal biodiversity""]",,Tool to monitor intertidal biodiversity developed (conditional).,Conservation,Conditional,Intertidal biodiversity monitoring tool.,None,No current market
JOR,Updated NDC (2021),True,"[""Coral"", ""Seagrass""]","[""Coral"", ""Seagrass""]",Technical assistance for coral/seagrass protection.,Conditional element dependent on TA.,Conservation,Both,Technical assistance for coral/seagrass protection.,None,No current market
MHL,Updated NDC (2020),True,"[""Coastal protection""]","[""Coastal protection""]",Full decarbonization of domestic shipping by 2050.,,Conservation,Unconditional,Domestic shipping fully decarbonised by 2050.,None,No current market
PLW,NDC 3.0 (2026),True,"[""Mangroves"", ""Seagrass""]","[""Mangroves"", ""Seagrass""]",High reliance on blue carbon for adaptation.,,Conservation,Unconditional,High reliance on blue carbon for adaptation.,None,No current market
SGP,Updated NDC (2022),True,"[""Coastal protection""]","[""Coastal protection""]",Emissions peak by 2030; floating solar and blue carbon focus.,,Conservation,Unconditional,Peaked emissions by 2030; floating solar + blue carbon.,Carbon Tax,Operational
JPN,Updated NDC (2021),True,"[""Seagrass"", ""Mangroves""]","[""Seagrass"", ""Mangroves""]",Blue Carbon Roadmap 2022; GX-ETS development.,,Mitigation,Unconditional,Blue Carbon Roadmap 2022; GX-ETS in development.,GX-ETS,Pilot / Operational
EUU,NDC 3.0 (2025),True,"[""Coastal wetlands""]","[""Coastal wetlands""]",66.25%–72.5% reduction by 2035.,,Mitigation,Unconditional,66.25%–72.5% reduction by 2035.,EU ETS,Operational
ISL,Updated NDC (2020),True,"[""Coastal ecosystems""]","[""Coastal ecosystems""]",Net zero by 2040; strong NbS focus.,,Conservation,Unconditional,Net zero by 2040; NbS focus.,Carbon Tax,Operational
FRA,(Part of EU NDC),True,"[""Tidal marshes""]","[""Tidal marshes""]",Only EU state reporting coastal wetlands in NIR.,,Mitigation,Unconditional,Sole EU state reporting coastal wetlands in NIR.,EU ETS,Operational
NOR,Updated NDC (2022),True,"[""Kelp"", ""Seagrass""]","[""Kelp"", ""Seagrass""]",High focus on kelp restoration as blue carbon.,,Mitigation,Unconditional,Kelp restoration focus.,Carbon Tax,Operational
CAN,NDC 3.0 (2025),True,"[""Coastal ecosystems""]","[""Coastal ecosystems""]",Joined Blue NDC Challenge in Nov 2025.,,Conservation + Restoration,Unconditional,Joined Blue NDC Challenge Nov 2025.,Output-Based Pricing,Operational
TON,Updated NDC (2020),True,"[""Mangroves""]","[""Mangroves""]",Coastal resilience and blue carbon sinks.,Conditional support component.,Conservation,Both,Coastal resilience + blue carbon sinks.,None,No current market
MDV,Updated NDC (2020),True,"[""Coral reefs"", ""Mangroves""]","[""Coral reefs"", ""Mangroves""]",High adaptation focus.,Mitigation co-benefits conditional.,Conservation,Both,Adaptation focus with mitigation co-benefits.,None,No current market
