country_code,role,name,description
IDN,Marine roadmap,Blue Carbon Ecosystems Roadmap & Action Guide,"Launched 17 Nov 2025 at COP30 Belém by MoE & MMAF; covers mangroves, seagrass, salt marshes; 2025–2030 RENAKSI national action plan."
IDN,Ocean accounting,SIDAKO (KKP),Ocean Accounting framework being developed for marine/coastal ecosystems and seagrass MRV integration.
IDN,MRA – Japan,JCM Mutual Recognition Agreement,"Oct 2024: equivalence between JCM credits and SPE-GRK; 51 JCM projects already in Indonesia."
IDN,MRA – Plan Vivo,Plan Vivo MRA,Signed mid-September 2024.
IDN,MRA – GCC,Global Carbon Council MRA,Signed mid-September 2024.
IDN,MRA – Verra,Verra–SRN MRA,Aligns Verra VCS with SRN registration requirements.
IDN,Letter of Authorization,MoF Regulation No. 6/2026,"Ministry of Finance regulation operationalising the Letter of Authorization (LoA) procedure for ITMO transfers under PR 110/2025. Defines submission, fiscal, and reporting requirements for Art.6.2 corresponding adjustments."
IDN,National registry – ITMO,SRUK (Sistem Registri Unit Karbon),"ITMO sub-registry for international transfers established under PR 110/2025. Operates alongside SRN-PPI; SRUK records authorized credits, corresponding adjustments and cancellation events."
IDN,National registry – domestic,SRN-PPI (Sistem Registri Nasional PPI),"Public national registry for greenhouse gas emission reduction certificates (SPE-GRK), administered by MoE / DGCCC. Hosts non-ITMO and pre-ITMO project records."
